<?xml version="1.0" encoding="utf-8"?>
<extension type="module" version="2.5" method="upgrade" client="site">
	<name>Dribbblr</name>
	<author>Anthony Olsen</author>
	<creationDate>April 2013</creationDate>
	<copyright>Copyright Anthony Olsen. All rights reserved.</copyright>
	<license>GNU General Public License version 3 </license>
	<authorEmail>design@joomlabamboo.com</authorEmail>
	<authorUrl>www.antonydoyle.co.uk</authorUrl>
	<version>1.3</version>
	<description>DRIBBLESHOTSDESC</description>
    <languages>
	    	<language tag="en-GB">language/en-GB/en-GB.mod_dribbblr.ini</language>
    </languages>

	<files>
		<filename module="mod_dribbblr">mod_dribbblr.php</filename>
		<filename>index.html</filename>
		<filename>helper.php</filename>
		<folder>tmpl</folder>
		<folder>js</folder>
		<filename>mod_dribbblr.xml</filename>

	</files>

		<config>
			<fields name="params">
				<fieldset name="options" label="OPTIONS">
					<field name="username" type="textfield" default="username" label="USERNAME_LBL" description="USERNAME_DESC">
					</field>
					<field name="shotcount" type="textfield" default="6" label="SHOTCOUNT_LBL" description="SHOTCOUNT_DESC">
					</field>
					<field name="shotsPerRow" type="textfield" default="6" label="SHOTSPERROW_LBL" description="SHOTSPERROW_DESC">
					</field>
					<field name="textabove" type="textarea" default="" label="TXT_ABOVE_LBL" description="TXT_ABOVE_DESC">
					</field>
					<field name="dribcss" type="radio" default="1" label="CSS_LBL" description="CSS_DESC">
					<option value="1">Yes</option>
					<option value="0">No</option>
				</field>
					<field name="jQuery" type="radio" default="1" label="JQUERY_LBL" description="JQUERY_DESC">
					<option value="1">Yes</option>
					<option value="0">No</option>
				</field>
				<field
					name="moduleclass_sfx"
					type="text"
					label="COM_MODULES_FIELD_MODULECLASS_SFX_LABEL"
					description="COM_MODULES_FIELD_MODULECLASS_SFX_DESC" />

				<field
					name="cache"
					type="list"
					default="1"
					label="COM_MODULES_FIELD_CACHING_LABEL"
					description="COM_MODULES_FIELD_CACHING_DESC">
					<option
						value="1">JGLOBAL_USE_GLOBAL</option>
					<option
						value="0">COM_MODULES_FIELD_VALUE_NOCACHING</option>
				</field>

				<field
					name="cache_time"
					type="text"
					default="900"
					label="COM_MODULES_FIELD_CACHE_TIME_LABEL"
					description="COM_MODULES_FIELD_CACHE_TIME_DESC" />

				<field
					name="cachemode"
					type="hidden"
					default="static">
					<option
						value="static"></option>
				</field>
				
				</fieldset>
			</fields>
	</config>
</extension>

